Energy, Efficiency
16.500, 0.50735344
17.000, 0.53663997
17.500, 0.63748401
18.000, 0.73041842
18.500, 0.79534748
19.000, 0.84517992
19.500, 0.83591592
20.000, 0.83591592
